article_id,title,content,cleaned_content
1,"Blinken presses Hamas to seal cease-fire with Israel, says 'the time is now' for a deal - The Associated Press","JERUSALEM (AP) U.S. Secretary of State Antony Blinken hiked up pressure on Hamas on Wednesday to accept the latest proposal for a cease-fire with Israel, saying the time is now for an agreement that … [+6400 chars]",jerusalem ap us secretary of state antony blinken hiked up pressure on hamas on wednesday to accept the latest proposal for a ceasefire with israel saying the time is now for an agreement that 6400 chars
2,Police on campus at Columbia and UCLA as protests disrupt colleges nationwide: Live updates - CNN,"In a photo shared with CNN by Tyler Katzenberger from the college paper The Daily Cardinal, Samer Alatout, an associate professor of community and environmental sociology, is seen being held to the g… [+1637 chars]",in a photo shared with cnn by tyler katzenberger from the college paper the daily cardinal samer alatout an associate professor of community and environmental sociology is seen being held to the g 1637 chars
3,Arizona Senate OKs bill to repeal the state's 1864 near-total abortion ban - The Associated Press,"PHOENIX (AP) The Arizona Legislature approved a repeal of a long-dormant ban on nearly all abortions Wednesday, advancing the bill to Democratic Gov. Katie Hobbs, who is expected to sign it.
Two Rep… [+5341 chars]",phoenix ap the arizona legislature approved a repeal of a longdormant ban on nearly all abortions wednesday advancing the bill to democratic gov katie hobbs who is expected to sign it two rep 5341 chars
4,Rwanda: Civil servants mount court challenge over new law - BBC.com,,
5,United Methodists repeal longstanding ban on LGBTQ clergy - The Associated Press,"CHARLOTTE, N.C. (AP) United Methodist delegates repealed their churchs longstanding ban on LGBTQ clergy with no debate on Wednesday, removing a rule forbidding self-avowed practicing homosexuals from… [+6545 chars]",charlotte nc ap united methodist delegates repealed their churchs longstanding ban on lgbtq clergy with no debate on wednesday removing a rule forbidding selfavowed practicing homosexuals from 6545 chars
6,"Long-predicted consumer pullback finally hits restaurants like Starbucks, KFC and McDonald's - CNBC","It's finally here: the long-predicted consumer pullback.
Starbucks announced a surprise drop in same-store sales for its latest quarter, sending its shares down 17% on Wednesday. Pizza Hut and KFC a… [+5588 chars]",its finally here the longpredicted consumer pullback starbucks announced a surprise drop in samestore sales for its latest quarter sending its shares down 17 on wednesday pizza hut and kfc a 5588 chars
7,"Harvey Weinstein faces new trial after rape conviction overturned, returns to prison - Fox News","A judge remanded Harvey Weinstein to prison during the entertainment mogul's first court hearing Wednesday following his rape conviction reversal, Fox News Digital can confirm.
Weinstein appeared in… [+4260 chars]",a judge remanded harvey weinstein to prison during the entertainment moguls first court hearing wednesday following his rape conviction reversal fox news digital can confirm weinstein appeared in 4260 chars
8,Election 2024: Trump returns to campaign facing jail warning - The Associated Press,"WAUKESHA, Wis. (AP) Donald Trump returned briefly to the campaign trail Wednesday and called the judge presiding over his hush money trial crooked a day after he was held in contempt of court and thr… [+4748 chars]",waukesha wis ap donald trump returned briefly to the campaign trail wednesday and called the judge presiding over his hush money trial crooked a day after he was held in contempt of court and thr 4748 chars
9,Federal Reserve issues FOMC statement - Federal Reserve,"Recent indicators suggest that economic activity has continued to expand at a solid pace. Job gains have remained strong, and the unemployment rate has remained low. Inflation has eased over the past… [+2540 chars]",recent indicators suggest that economic activity has continued to expand at a solid pace job gains have remained strong and the unemployment rate has remained low inflation has eased over the past 2540 chars
10,14-year-old suspect dead after active shooter reported outside Wisconsin middle school: Sources - ABC News,"A 14-year-old suspect is dead following a confrontation with police Wednesday after an active shooter was reported outside a Wisconsin middle school, sources told ABC News.
The teen had approached M… [+1245 chars]",a 14yearold suspect is dead following a confrontation with police wednesday after an active shooter was reported outside a wisconsin middle school sources told abc news the teen had approached m 1245 chars
11,"Tesla Is Pulling Back From EV Charging, and People Are Freaking Out - The Wall Street Journal",None,none
12,Volunteer searchers claim to have found secret crematorium in Mexico City - Fox News,<ul><li>Volunteer searchers claim to have discovered a clandestine crematorium on the outskirts of Mexico City.</li><li>Mexico City authorities are investigating the discovery to determine if the rem… [+3609 chars],ullivolunteer searchers claim to have discovered a clandestine crematorium on the outskirts of mexico citylilimexico city authorities are investigating the discovery to determine if the rem 3609 chars
13,Officials warn of risks to 'certain groups' of people amid bird flu outbreak in cows - POLITICO,None,none
14,"NFL Power Rankings: Bengals, Jets rise with Joe Burrow, Aaron Rodgers back; stagnant Cowboys drop from top 10 - CBS Sports","Free agency and the NFL Draft have come and gone, so it's time to truly start looking ahead to the 2024 season, which means a new batch of Power Rankings.
These are the first look-ahead rankings, wi… [+10278 chars]",free agency and the nfl draft have come and gone so its time to truly start looking ahead to the 2024 season which means a new batch of power rankings these are the first lookahead rankings wi 10278 chars
15,Prince William shares health update on Kate Middleton after her cancer diagnosis - New York Post ,"By royal decree. 
Prince William has previously dodged questions about wife Kate Middleton amid the uproar about her whereabouts and her cancer announcement but hes finally answering some questions.… [+2906 chars]",by royal decree prince william has previously dodged questions about wife kate middleton amid the uproar about her whereabouts and her cancer announcement but hes finally answering some questions 2906 chars
16,Rabbit R1 AI box revealed to just be an Android app - Ars Technica,"51
If you haven't heard of the Rabbit R1, this is yet another ""AI box"" that is trying to replace your smartphone with a voice command device that runs zero apps. Just like the Humane AI Pin, this th… [+4555 chars]",51 if you havent heard of the rabbit r1 this is yet another ai box that is trying to replace your smartphone with a voice command device that runs zero apps just like the humane ai pin this th 4555 chars
17,"Microsoft's billion-dollar OpenAI investment was trigged by Google fears, emails reveal - The Verge","Microsofts billion-dollar OpenAI investment was trigged by Google fears, emails reveal
Microsofts billion-dollar OpenAI investment was trigged by Google fears, emails reveal
 / Microsoft was very w… [+3128 chars]",microsofts billiondollar openai investment was trigged by google fears emails reveal microsofts billiondollar openai investment was trigged by google fears emails reveal microsoft was very w 3128 chars
18,"Endurance exercise affects all tissues of the body, even those not normally associated with movement - National Institutes of Health (NIH) (.gov)",None,none
19,RFK Jr. is all over conservative media. Trump's camp is concerned. - POLITICO,None,none
20,Melissa McCarthy reacts to Barbra Streisand's awkward question about Ozempic - Fox News,"Melissa McCarthy has spoken and declared herself victorious following an awkward moment with Barbra Streisand that captivated the internet.
The controversy began when McCarthy posted photos (that ar… [+2965 chars]",melissa mccarthy has spoken and declared herself victorious following an awkward moment with barbra streisand that captivated the internet the controversy began when mccarthy posted photos that ar 2965 chars
21,China Releases CGI Video of Moon Base and It Contains Something Very Strange - Futurism,"Wait, is that a...
Bill Blurr
The China National Space Administration (CNSA) has shown off a CGI video of its vision of a lunar base, a vastly ambitious plan the country is hoping to realize in a m… [+2300 chars]",wait is that a bill blurr the china national space administration cnsa has shown off a cgi video of its vision of a lunar base a vastly ambitious plan the country is hoping to realize in a m 2300 chars
22,What reclassifying marijuana means for Americans - PBS NewsHour,WASHINGTON (AP) The U.S. Drug Enforcement Administration is moving toward reclassifying marijuana as a less dangerous drug. The Justice Department proposal would recognize the medical uses of cannabi… [+7039 chars],washington ap the us drug enforcement administration is moving toward reclassifying marijuana as a less dangerous drug the justice department proposal would recognize the medical uses of cannabi 7039 chars
23,J&J baby powder settlement: Johnson & Johnson agrees to new $6.5B deal - Axios,None,none
24,New findings point to an Earth-like environment on ancient Mars - Discover LANL,"A research team using the ChemCam instrument onboard NASAs Curiosity rover discovered higher-than-usual amounts of manganese in lakebed rocks within Gale Crater on Mars, which indicates that the sedi… [+2721 chars]",a research team using the chemcam instrument onboard nasas curiosity rover discovered higherthanusual amounts of manganese in lakebed rocks within gale crater on mars which indicates that the sedi 2721 chars
25,‘Batman: Arkham Shadow’ Announced Exclusively for Quest 3 From Meta-owned Studio Behind ‘Iron Man VR’ - Road to VR,"We’ve been waiting a long time for a fully fledged Batman VR game, and now Meta announced we’re getting one later this year, exclusive to Quest 3.
Developed by Meta’s Camouflaj and Oculus Studios, a… [+1968 chars]",weve been waiting a long time for a fully fledged batman vr game and now meta announced were getting one later this year exclusive to quest 3 developed by metas camouflaj and oculus studios a 1968 chars
26,"NFL Power Rankings, draft edition: Did Patriots fix their offensive issues? - Yahoo Sports","Sometimes, the move a team doesn't make in the NFL Draft is the best move.
Once it was clear the Washington Commanders had settled on Jayden Daniels with the second overall pick, there was a lot of … [+15243 chars]",sometimes the move a team doesnt make in the nfl draft is the best move once it was clear the washington commanders had settled on jayden daniels with the second overall pick there was a lot of 15243 chars
27,"Tyrese Maxey wrecked Knicks' celebrity row: Tracy Morgan middle finger, 'seething' Ben Stiller and a Jon Stewart meme - New York Post ","Tyrese Maxey was the star of his own movie at The Garden on Tuesday night during Game 5 of the Knicks-Sixers first-round playoff series. 
The 76ers All-Star guard put on a show he finished with 46 p… [+2285 chars]",tyrese maxey was the star of his own movie at the garden on tuesday night during game 5 of the knickssixers firstround playoff series the 76ers allstar guard put on a show he finished with 46 p 2285 chars
28,LeBron James addresses NBA future after Los Angeles Lakers playoff exit - cleveland.com,"Immediately after the Los Angeles Lakers season ended with a loss to the Denver Nuggets on Monday night, speculation began to swirl about LeBron James future in the NBA.
James, 39, just finished his… [+2176 chars]",immediately after the los angeles lakers season ended with a loss to the denver nuggets on monday night speculation began to swirl about lebron james future in the nba james 39 just finished his 2176 chars
29,May night sky begins with Eta Aquariid meteor shower - The Washington Post,"May is the perfect month to celebrate astronomy. The nights are mild, the springtime constellations are at their best, and a meteor shower greets early risers.
As the month opens, Earth encounters b… [+186 chars]",may is the perfect month to celebrate astronomy the nights are mild the springtime constellations are at their best and a meteor shower greets early risers as the month opens earth encounters b 186 chars
30,Science shows how a surge of anger could raise heart attack risk - Yahoo! Voices,"Can a burst of anger take a toll on the heart?
Previous research has suggested theres a link between an acute episode of anger and an increased risk of heart attack. Researchers from Columbia Univer… [+4057 chars]",can a burst of anger take a toll on the heart previous research has suggested theres a link between an acute episode of anger and an increased risk of heart attack researchers from columbia univer 4057 chars
31,The Galaxy Watch Ultra is spotted again as Samsung hints at 'premium' smartwatches - TechRadar,"If the rumors are to be believed, the grand unveiling of the Samsung Galaxy Watch 7 series is going to be happening next month – and it looks very much as though we're going to get at least one premi… [+2329 chars]",if the rumors are to be believed the grand unveiling of the samsung galaxy watch 7 series is going to be happening next month and it looks very much as though were going to get at least one premi 2329 chars
32,"Mammograms should start at 40 to address rising breast cancer rates at younger ages, panel says - The Associated Press","Regular mammograms to screen for breast cancer should start younger, at age 40, according to an influential U.S. task force. Women ages 40 to 74 should get screened every other year, the group said.… [+3729 chars]",regular mammograms to screen for breast cancer should start younger at age 40 according to an influential us task force women ages 40 to 74 should get screened every other year the group said 3729 chars
33,Science shows how a surge of anger could raise heart attack risk - Yahoo! Voices,"Can a burst of anger take a toll on the heart?
Previous research has suggested theres a link between an acute episode of anger and an increased risk of heart attack. Researchers from Columbia Univer… [+4057 chars]",can a burst of anger take a toll on the heart previous research has suggested theres a link between an acute episode of anger and an increased risk of heart attack researchers from columbia univer 4057 chars
34,"After Maldives, Another Island Nation Elects Pro-China PM - Off Australia - NDTV","Solomon Islands elects pro-China leader Jeremiah Manele as new Prime Minister
Honiara Solomon Islands: The Solomon Islands' legislators have chosen Jeremiah Manele, a former foreign minister, to be … [+1647 chars]",solomon islands elects prochina leader jeremiah manele as new prime minister honiara solomon islands the solomon islands legislators have chosen jeremiah manele a former foreign minister to be 1647 chars
35,"Police officers, guns, and community collide: How the Charlotte house shooting happened - USA TODAY","CHARLOTTE, North Carolina - Rissa Reign and her girlfriend were doing spring cleaning, door open to let the sun in and the dust out, when they heard gunshots.
This being East Charlotte, they didn't … [+10768 chars]",charlotte north carolina rissa reign and her girlfriend were doing spring cleaning door open to let the sun in and the dust out when they heard gunshots this being east charlotte they didnt 10768 chars
36,"Moderna loses less than expected as Covid vaccine sales beat estimates, cost cuts take hold - CNBC","Moderna on Thursday posted a narrower-than-expected loss for the first quarter as the company's cost-cutting efforts took hold and sales of its Covid vaccine, its only commercially available product,… [+4831 chars]",moderna on thursday posted a narrowerthanexpected loss for the first quarter as the companys costcutting efforts took hold and sales of its covid vaccine its only commercially available product 4831 chars
37,Tensions grips UCLA campus after police order protestors to disperse or face arrest - The Associated Press,LOS ANGELES (AP) Police removed barricades and began dismantling a pro-Palestinian demonstrators fortified encampment early Thursday at the UCLA campus after hundreds of protesters defied police orde… [+9378 chars],los angeles ap police removed barricades and began dismantling a propalestinian demonstrators fortified encampment early thursday at the ucla campus after hundreds of protesters defied police orde 9378 chars
38,TikTok and Universal settle dispute over music royalties - BBC.com,,
39,Jay Powell won't give in to the market's biggest fear: Morning Brief - Yahoo Finance,"If you click 'Accept all', we and our partners, including 238 who are part of the IAB Transparency &amp; Consent Framework, will also store and/or access information on a device (in other words, use … [+678 chars]",if you click accept all we and our partners including 238 who are part of the iab transparency amp consent framework will also store andor access information on a device in other words use 678 chars
40,Arizona abortion ban fight jolts packed GOP House primary - NBC News,"On Tuesday night, Arizona state House Speaker Ben Toma found himself on defense, pushing back on criticism that he could have stopped the effort to repeal the states near-total abortion ban that date… [+8990 chars]",on tuesday night arizona state house speaker ben toma found himself on defense pushing back on criticism that he could have stopped the effort to repeal the states neartotal abortion ban that date 8990 chars
41,Here's what to expect during Boeing Starliner's 1st astronaut test flight on May 6 - Space.com,"HOUSTON — A busy week is ahead of the first Starliner astronauts after their scheduled launch on May 6.
Astronauts Barry ""Butch"" Wilmore and pilot Suni Williams will be the first NASA crew to fly to… [+13226 chars]",houston a busy week is ahead of the first starliner astronauts after their scheduled launch on may 6 astronauts barry butch wilmore and pilot suni williams will be the first nasa crew to fly to 13226 chars
42,Local elections 2024: Voting under way in England and Wales - BBC.com,,
43,Antisemitism Awareness Act passes House vote. Here's what the bill does. - CBS New York,"NEW YORK -- The House of Representatives overwhelmingly approved the Antisemitism Awareness Act Wednesday. 
It comes as campus protests are taking place across the country. While the protests have t… [+2468 chars]",new york the house of representatives overwhelmingly approved the antisemitism awareness act wednesday it comes as campus protests are taking place across the country while the protests have t 2468 chars
44,Stock futures rise after Fed decides to hold rates steady: Live updates - CNBC,"Stock futures advanced Thursday as investors looked ahead to more corporate earnings and a key labor data set for later in the week.
Dow Jones Industrial Average futures added 124 points, or 0.33%. … [+2074 chars]",stock futures advanced thursday as investors looked ahead to more corporate earnings and a key labor data set for later in the week dow jones industrial average futures added 124 points or 033 2074 chars
45,"U.S. v. Google: As landmark 'monopoly power' trial closes, here's what to look for - NPR","The Department of Justice and a group of 35 states sued Google in 2020 for allegedly using anticompetitive tactics to monopolize online search. The trial is over and closing arguments are under way.… [+6989 chars]",the department of justice and a group of 35 states sued google in 2020 for allegedly using anticompetitive tactics to monopolize online search the trial is over and closing arguments are under way 6989 chars
46,Has the DeSantis comeback already begun? - POLITICO - POLITICO,None,none
47,Trump Piles on Hush-Money Judge After Jail Time Warning - The Daily Beast,"Donald Trump, a day after being warned about potential jail time if he continues to violate the gag order in his criminal trial in New York, lashed out at the judge presiding over that case as crooke… [+2051 chars]",donald trump a day after being warned about potential jail time if he continues to violate the gag order in his criminal trial in new york lashed out at the judge presiding over that case as crooke 2051 chars
48,Colombia's president says country will break diplomatic relations with Israel over war in Gaza - The Associated Press,"BOGOTA, Colombia (AP) Colombian President Gustavo Petro on Wednesday announced his government will break diplomatic relations with Israel effective Thursday in the latest escalation of tensions betwe… [+2054 chars]",bogota colombia ap colombian president gustavo petro on wednesday announced his government will break diplomatic relations with israel effective thursday in the latest escalation of tensions betwe 2054 chars
49,Fifth body recovered from Baltimore bridge collapse site - CNN,"Authorities have recovered the body of a fifth victim in the Baltimore bridge collapse five weeks ago, officials said Wednesday.
The victim has been identified as Miguel Angel Luna Gonzalez, of Glen… [+2278 chars]",authorities have recovered the body of a fifth victim in the baltimore bridge collapse five weeks ago officials said wednesday the victim has been identified as miguel angel luna gonzalez of glen 2278 chars
50,"Oilers’ special teams, top players too much for outmatched Kings in Round 1 - Sportsnet.ca","Leon Draisaitl scored a pair of goals, Evan Bouchard tallied three assists on the night, and the Edmonton Oilers closed out the series in five games with a 4-3 win over the Los Angeles Kings.",leon draisaitl scored a pair of goals evan bouchard tallied three assists on the night and the edmonton oilers closed out the series in five games with a 43 win over the los angeles kings
51,"Mavs' Luka Doncic dominates Game 5 despite illness, knee injury - ESPN","LOS ANGELES -- Dallas Mavericks superstar Luka Doncic got an early start on his postgame treatment Wednesday night, wrapping a large bag of ice around his sprained right knee midway through the fourt… [+3145 chars]",los angeles dallas mavericks superstar luka doncic got an early start on his postgame treatment wednesday night wrapping a large bag of ice around his sprained right knee midway through the fourt 3145 chars
52,Blinken says 'time is now' for Israel-Hamas deal in Gaza - BBC.com,,
53,"United Methodist Church will allow LGBTQ clergy, after 40-year ban - BBC.com",,
54,"Curiosity Detects 'Habitable' Earth-Like Past on Mars, But How Did Oxygen Get There? - ScienceAlert","Rocks scrutinized by the Curiosity rover in an ancient, long-dried lakebed on Mars have revealed conditions likely to have been habitable, billions of years ago.
There, in rocks on the Gale Crater, … [+3642 chars]",rocks scrutinized by the curiosity rover in an ancient longdried lakebed on mars have revealed conditions likely to have been habitable billions of years ago there in rocks on the gale crater 3642 chars
55,Ryan Garcia tested positive for PED before his win over Devin Haney - New York Post ,Boxer Ryan Garcia is at the center of another controversy after multiple reports have indicated that he tested positive for the performance-enhancing substance Ostarine prior to and on the day of his… [+2628 chars],boxer ryan garcia is at the center of another controversy after multiple reports have indicated that he tested positive for the performanceenhancing substance ostarine prior to and on the day of his 2628 chars
56,Task force updates guidance for breast cancer screenings for women 40 and older - CNN,"Women are now advised to get a mammogram every other year starting at age 40 and until age 74, according to new recommendations from the US Preventive Services Task Force.
The USPSTF, a volunteer pa… [+12284 chars]",women are now advised to get a mammogram every other year starting at age 40 and until age 74 according to new recommendations from the us preventive services task force the uspstf a volunteer pa 12284 chars
57,Ex-Nickelodeon producer Schneider sues 'Quiet on Set' makers for defamation and sex abuse implications - The Associated Press,"LOS ANGELES (AP) Former Nickelodeon producer and writer Dan Schneider sued the makers of Quiet on Set: The Dark Side of Kids TV on Wednesday, alleging the makers of the documentary series wrongly imp… [+3925 chars]",los angeles ap former nickelodeon producer and writer dan schneider sued the makers of quiet on set the dark side of kids tv on wednesday alleging the makers of the documentary series wrongly imp 3925 chars
58,Ezekiel Elliott on return to Cowboys: I'm here to chase a dream - NBC Sports,"In Ezekiel Elliotts rookie season of 2016, the Cowboys went 13-3 and had home-field advantage throughout the NFC playoffs. Aaron Rodgers, though, turned a third-and-20 with 12 seconds left into a 35-… [+826 chars]",in ezekiel elliotts rookie season of 2016 the cowboys went 133 and had homefield advantage throughout the nfc playoffs aaron rodgers though turned a thirdand20 with 12 seconds left into a 35 826 chars
59,"Mount Horeb police shoot, kill student with gun outside middle school - WKOW","Caroline Dade provides the latest as law enforcement continued its investigation Wednesday.
MOUNT HOREB, Wis. (WKOW) -- Wisconsin Attorney General Josh Kaul announced Wednesday evening an active sho… [+5760 chars]",caroline dade provides the latest as law enforcement continued its investigation wednesday mount horeb wis wkow wisconsin attorney general josh kaul announced wednesday evening an active sho 5760 chars
60,Bird flu in Texas has spread to some workers - Fortune,"The first calls that Dr. Barb Petersen received in early March were from dairy owners worried about crows, pigeons and other birds dying on their Texas farms. Then came word that barn cats  half of t… [+5016 chars]",the first calls that dr barb petersen received in early march were from dairy owners worried about crows pigeons and other birds dying on their texas farms then came word that barn cats half of t 5016 chars
61,Google Phone's New Audio Emojis for Android Include a Fart Button - Lifehacker,None,none
62,Watch SpaceX's Crew-8 astronauts move their Dragon at the ISS May 2 to make way for Boeing's Starliner - Space.com,"The four astronauts of SpaceX's Crew-8 mission will move their Dragon capsule to a different port at the International Space Station (ISS) on Thursday morning (May 2), and you can watch the action li… [+1926 chars]",the four astronauts of spacexs crew8 mission will move their dragon capsule to a different port at the international space station iss on thursday morning may 2 and you can watch the action li 1926 chars
63,"Stay At The X-Mansion With AirBnb, Danger Room Included - GameSpot","AirBnb has announced it's summer lineup for it's Icons experiences which includes the X-Mansion from the X-Men '97 on Disney+. Bookings will open later today as Jubliee, who will play host to you and… [+1487 chars]",airbnb has announced its summer lineup for its icons experiences which includes the xmansion from the xmen 97 on disney bookings will open later today as jubliee who will play host to you and 1487 chars
64,"""Batman: Arkham Shadow"" VR Game Trailer - Dark Horizons","Camouflaj (“Republique”) and Oculus Studios have announced the new VR game “Batman: Arkham Shadow” for release later this year – exclusively for the Meta Quest 3.
The new game reportedly is set with… [+881 chars]",camouflaj republique and oculus studios have announced the new vr game batman arkham shadow for release later this year exclusively for the meta quest 3 the new game reportedly is set with 881 chars
65,Chrome's New Built-in AI Is The Biggest Update To the Browser In Over 15 Years - Inverse,"Using Googles Gemini AI chatbot just got a whole lot easier. Google incorporated Gemini, its generative AI chatbot that was formerly known as Bard, into Chromes address bar. That means instead of goi… [+2650 chars]",using googles gemini ai chatbot just got a whole lot easier google incorporated gemini its generative ai chatbot that was formerly known as bard into chromes address bar that means instead of goi 2650 chars
66,What's Up: May 2024 Skywatching Tips from NASA - Science@NASA,"On May 23rd, the full Moon will appear quite close to the bright red star Antares, in Scorpius, as the pair rise. But for those on the East Coast of the U.S. south of Delaware and down through the wh… [+544 chars]",on may 23rd the full moon will appear quite close to the bright red star antares in scorpius as the pair rise but for those on the east coast of the us south of delaware and down through the wh 544 chars
67,"Preventable Premature Deaths from the Five Leading Causes of Death in Nonmetropolitan and Metropolitan Counties, United States, 2010–2022 | MMWR - CDC","Macarena C. García, DrPH1; Lauren M. Rossen, PhD2; Kevin Matthews, PhD3; Gery Guy, PhD4; Katrina F. Trivers, PhD5; Cheryll C. Thomas, MSPH5; Linda Schieb, MSPH5; Michael F. Iademarco, MD1 (View autho… [+54841 chars]",macarena c garca drph1 lauren m rossen phd2 kevin matthews phd3 gery guy phd4 katrina f trivers phd5 cheryll c thomas msph5 linda schieb msph5 michael f iademarco md1 view autho 54841 chars
68,Logitech adds programmable ChatGPT shortcuts to its mice and keyboards,"If you click 'Accept all', we and our partners, including 238 who are part of the IAB Transparency &amp; Consent Framework, will also store and/or access information on a device (in other words, use … [+678 chars]",if you click accept all we and our partners including 238 who are part of the iab transparency amp consent framework will also store andor access information on a device in other words use 678 chars
69,The Morning After: Is the new Zephyrus G16 any good?,"If you click 'Accept all', we and our partners, including 238 who are part of the IAB Transparency &amp; Consent Framework, will also store and/or access information on a device (in other words, use … [+678 chars]",if you click accept all we and our partners including 238 who are part of the iab transparency amp consent framework will also store andor access information on a device in other words use 678 chars
70,GPT-4 performed close to the level of expert doctors in eye assessments,"If you click 'Accept all', we and our partners, including 238 who are part of the IAB Transparency &amp; Consent Framework, will also store and/or access information on a device (in other words, use … [+678 chars]",if you click accept all we and our partners including 238 who are part of the iab transparency amp consent framework will also store andor access information on a device in other words use 678 chars
71,Sonos refurbished speakers and soundbars are up to $170 off right now,"If you click 'Accept all', we and our partners, including 238 who are part of the IAB Transparency &amp; Consent Framework, will also store and/or access information on a device (in other words, use … [+678 chars]",if you click accept all we and our partners including 238 who are part of the iab transparency amp consent framework will also store andor access information on a device in other words use 678 chars
72,Netflix will stop tossing coins to The Witcher after season five,"If you click 'Accept all', we and our partners, including 238 who are part of the IAB Transparency &amp; Consent Framework, will also store and/or access information on a device (in other words, use … [+678 chars]",if you click accept all we and our partners including 238 who are part of the iab transparency amp consent framework will also store andor access information on a device in other words use 678 chars
73,Quicken Simplifi subscriptions are half off through April 21,"If you click 'Accept all', we and our partners, including 238 who are part of the IAB Transparency &amp; Consent Framework, will also store and/or access information on a device (in other words, use … [+678 chars]",if you click accept all we and our partners including 238 who are part of the iab transparency amp consent framework will also store andor access information on a device in other words use 678 chars
74,The best PS5 games for 2024: Top PlayStation titles to play right now,"If you click 'Accept all', we and our partners, including 238 who are part of the IAB Transparency &amp; Consent Framework, will also store and/or access information on a device (in other words, use … [+678 chars]",if you click accept all we and our partners including 238 who are part of the iab transparency amp consent framework will also store andor access information on a device in other words use 678 chars
75,Blizzard takes aim at Overwatch 2 console cheaters,"If you click 'Accept all', we and our partners, including 238 who are part of the IAB Transparency &amp; Consent Framework, will also store and/or access information on a device (in other words, use … [+678 chars]",if you click accept all we and our partners including 238 who are part of the iab transparency amp consent framework will also store andor access information on a device in other words use 678 chars
76,Hyundai's Ioniq 5 N eN1 Cup car brings extreme EV performance to the track,"If you click 'Accept all', we and our partners (including 240 who are part of the IAB Transparency &amp; Consent Framework) will also use cookies and your personal data, such as IP address, precise l… [+686 chars]",if you click accept all we and our partners including 240 who are part of the iab transparency amp consent framework will also use cookies and your personal data such as ip address precise l 686 chars
77,iRobot says its new robot vacuum and mop outperforms 600 Series Roombas for $275,"If you click 'Accept all', we and our partners (including 240 who are part of the IAB Transparency &amp; Consent Framework) will also use cookies and your personal data, such as IP address, precise l… [+686 chars]",if you click accept all we and our partners including 240 who are part of the iab transparency amp consent framework will also use cookies and your personal data such as ip address precise l 686 chars
78,Instagram's status update feature is coming to user profiles,"If you click 'Accept all', we and our partners, including 239 who are part of the IAB Transparency &amp; Consent Framework, will also store and/or access information on a device (in other words, use … [+678 chars]",if you click accept all we and our partners including 239 who are part of the iab transparency amp consent framework will also store andor access information on a device in other words use 678 chars
79,Apple TV's Dark Matter series takes on one of Blake Crouch's best books,"If you click 'Accept all', we and our partners, including 239 who are part of the IAB Transparency &amp; Consent Framework, will also store and/or access information on a device (in other words, use … [+678 chars]",if you click accept all we and our partners including 239 who are part of the iab transparency amp consent framework will also store andor access information on a device in other words use 678 chars
80,"DJI Avata 2 FPV drone review: A cheaper, more potent tool for creators","If you click 'Accept all', we and our partners, including 239 who are part of the IAB Transparency &amp; Consent Framework, will also store and/or access information on a device (in other words, use … [+678 chars]",if you click accept all we and our partners including 239 who are part of the iab transparency amp consent framework will also store andor access information on a device in other words use 678 chars
81,Epic wants to blow the Google Play Store wide open,"If you click 'Accept all', we and our partners, including 239 who are part of the IAB Transparency &amp; Consent Framework, will also store and/or access information on a device (in other words, use … [+678 chars]",if you click accept all we and our partners including 239 who are part of the iab transparency amp consent framework will also store andor access information on a device in other words use 678 chars
82,X won’t let users hide their blue checks anymore,"If you click 'Accept all', we and our partners, including 239 who are part of the IAB Transparency &amp; Consent Framework, will also store and/or access information on a device (in other words, use … [+678 chars]",if you click accept all we and our partners including 239 who are part of the iab transparency amp consent framework will also store andor access information on a device in other words use 678 chars
83,This hopping robot with flailing legs could explore asteroids in the future,"If you click 'Accept all', we and our partners, including 238 who are part of the IAB Transparency &amp; Consent Framework, will also store and/or access information on a device (in other words, use … [+678 chars]",if you click accept all we and our partners including 238 who are part of the iab transparency amp consent framework will also store andor access information on a device in other words use 678 chars
84,Yars Rising revives a 40-year-old Atari game as a modern metroidvania,"If you click 'Accept all', we and our partners, including 238 who are part of the IAB Transparency &amp; Consent Framework, will also store and/or access information on a device (in other words, use … [+678 chars]",if you click accept all we and our partners including 238 who are part of the iab transparency amp consent framework will also store andor access information on a device in other words use 678 chars
85,"Tesla will unveil a robotaxi on April 8, according to Musk","If you click 'Accept all', we and our partners (including 240 who are part of the IAB Transparency &amp; Consent Framework) will also store and/or access information on a device (in other words, use … [+678 chars]",if you click accept all we and our partners including 240 who are part of the iab transparency amp consent framework will also store andor access information on a device in other words use 678 chars
86,The new Blink Mini 2 home security camera is on sale for only $30 right now,"If you click 'Accept all', we and our partners, including 239 who are part of the IAB Transparency &amp; Consent Framework, will also store and/or access information on a device (in other words, use … [+678 chars]",if you click accept all we and our partners including 239 who are part of the iab transparency amp consent framework will also store andor access information on a device in other words use 678 chars
87,Tesla is reportedly laying off more than 10 percent of its workforce,"If you click 'Accept all', we and our partners, including 239 who are part of the IAB Transparency &amp; Consent Framework, will also store and/or access information on a device (in other words, use … [+678 chars]",if you click accept all we and our partners including 239 who are part of the iab transparency amp consent framework will also store andor access information on a device in other words use 678 chars
88,Tinder is making it easier to share date details with family and friends,"If you click 'Accept all', we and our partners, including 238 who are part of the IAB Transparency &amp; Consent Framework, will also store and/or access information on a device (in other words, use … [+678 chars]",if you click accept all we and our partners including 238 who are part of the iab transparency amp consent framework will also store andor access information on a device in other words use 678 chars
89,Microsoft's AI tool can turn photos into realistic videos of people talking and singing,"If you click 'Accept all', we and our partners, including 238 who are part of the IAB Transparency &amp; Consent Framework, will also store and/or access information on a device (in other words, use … [+678 chars]",if you click accept all we and our partners including 238 who are part of the iab transparency amp consent framework will also store andor access information on a device in other words use 678 chars
90,"Tesla cuts Model Y, X and S prices in the US and says it’s ending the referral program","If you click 'Accept all', we and our partners, including 238 who are part of the IAB Transparency &amp; Consent Framework, will also store and/or access information on a device (in other words, use … [+678 chars]",if you click accept all we and our partners including 238 who are part of the iab transparency amp consent framework will also store andor access information on a device in other words use 678 chars
91,ASUS ROG Zephyrus G14 (2024) review : This is the 14-inch gaming laptop to beat,"If you click 'Accept all', we and our partners (including 239 who are part of the IAB Transparency &amp; Consent Framework) will also store and/or access information on a device (in other words, use … [+678 chars]",if you click accept all we and our partners including 239 who are part of the iab transparency amp consent framework will also store andor access information on a device in other words use 678 chars
92,Starlink terminals are reportedly being used by Russian forces in Ukraine,"If you click 'Accept all', we and our partners (including 239 who are part of the IAB Transparency &amp; Consent Framework) will also store and/or access information on a device (in other words, use … [+678 chars]",if you click accept all we and our partners including 239 who are part of the iab transparency amp consent framework will also store andor access information on a device in other words use 678 chars
93,Star Wars Outlaws gets a new trailer and a release date of August 30,"If you click 'Accept all', we and our partners (including 239 who are part of the IAB Transparency &amp; Consent Framework) will also store and/or access information on a device (in other words, use … [+678 chars]",if you click accept all we and our partners including 239 who are part of the iab transparency amp consent framework will also store andor access information on a device in other words use 678 chars
94,Castlevania fan uncovers new Konami code in 1999 game,"If you click 'Accept all', we and our partners, including 238 who are part of the IAB Transparency &amp; Consent Framework, will also store and/or access information on a device (in other words, use … [+678 chars]",if you click accept all we and our partners including 238 who are part of the iab transparency amp consent framework will also store andor access information on a device in other words use 678 chars
95,Apple's 13-inch MacBook Air with the M3 chip has never been cheaper,"If you click 'Accept all', we and our partners, including 238 who are part of the IAB Transparency &amp; Consent Framework, will also store and/or access information on a device (in other words, use … [+678 chars]",if you click accept all we and our partners including 238 who are part of the iab transparency amp consent framework will also store andor access information on a device in other words use 678 chars
96,Some of our favorite Bose headphones and earbuds are back to all-time low prices,"If you click 'Accept all', we and our partners, including 238 who are part of the IAB Transparency &amp; Consent Framework, will also store and/or access information on a device (in other words, use … [+678 chars]",if you click accept all we and our partners including 238 who are part of the iab transparency amp consent framework will also store andor access information on a device in other words use 678 chars
97,Mercedes-Benz quad-motor G-Class could be the ultimate EV off-roader,"If you click 'Accept all', we and our partners, including 238 who are part of the IAB Transparency &amp; Consent Framework, will also store and/or access information on a device (in other words, use … [+678 chars]",if you click accept all we and our partners including 238 who are part of the iab transparency amp consent framework will also store andor access information on a device in other words use 678 chars
98,The Morning After: Senate passes the bill that could ban TikTok,"If you click 'Accept all', we and our partners, including 238 who are part of the IAB Transparency &amp; Consent Framework, will also store and/or access information on a device (in other words, use … [+678 chars]",if you click accept all we and our partners including 238 who are part of the iab transparency amp consent framework will also store andor access information on a device in other words use 678 chars
99,Our favorite budget webcam is 20 percent off right now,"If you click 'Accept all', we and our partners, including 238 who are part of the IAB Transparency &amp; Consent Framework, will also store and/or access information on a device (in other words, use … [+678 chars]",if you click accept all we and our partners including 238 who are part of the iab transparency amp consent framework will also store andor access information on a device in other words use 678 chars
100,The Morning After: Testing the Rabbit R1's AI assistant skills,"If you click 'Accept all', we and our partners, including 238 who are part of the IAB Transparency &amp; Consent Framework, will also store and/or access information on a device (in other words, use … [+678 chars]",if you click accept all we and our partners including 238 who are part of the iab transparency amp consent framework will also store andor access information on a device in other words use 678 chars
